sum_precip,año
16.700000000000003,2019
48.800000000000004,2020
12.8,2021
116.0,2022
347.8,2023
235.20000000000002,2024
